{
    "circleimage":["r1.jfif","r2.jfif","r3.jfif","r4.jfif","r5.jfif","r6.jfif"],
    "best":["BEST SELLER's"],

    "bestseller":{
        "heading":"Best Seller",
        "images":["q1.jfif","q2.jfif","q3.jfif","q4.jfif"],
        "items":["Red Hibiscus Plant", "DIY Happy feet with Senecio","Rose (Any Color) - Plant","Set of 5 Exotic Pansy Flower Seeds"],
        "price":["₹299","₹249","₹379","₹279"],
        "ids":["image1","image2","image3","image4"]
    },

    "bestseller2":{
        "heading":"Best Seller",
        "images":["q5.jfif","q6.jpg","q7.jfif","q8.jfif"],
        "items":["5.7 inch Ceramic Pots - Pack of 2","Decor Terrarium with Pebbles","Owls plastic miniature garden toys","Digging Fork"],
        "price":["₹299","₹249","₹379","₹279"],
        "ids":["image1","image2","image3","image4"]
    },


    "you":["You may also need"],

    "sqe":["y1.jfif","y2.jpg","y3.jfif","y4.jfif"]
}